Checkpoint,perplexity,tscore0,tscore1,tscore2,tscore3,blimp_overall
14000,120.7071526,0.21454,0.27067,0.2799,0.30455,0.58380597
28000,84.44758116,0.217714618,0.246363659,0.242231826,0.272395626,0.629223881
42000,70.35362547,0.203901399,0.240308201,0.240542993,0.26409497,0.640029851
56000,62.92553466,0.233889955,0.219218491,0.215704431,0.231034972,0.656880597
70000,58.3192527,0.208177262,0.206358667,0.214823221,0.22822374,0.660746269
84000,55.57225038,0.20930997,0.208115806,0.214308227,0.227276132,0.665731343
98000,53.99374662,0.204324044,0.206082664,0.216733956,0.233024867,0.668358209
112000,52.84986451,0.207441506,0.208061141,0.22067933,0.232976142,0.668716418
126000,52.3431652,0.205672535,0.205209583,0.218703627,0.222356518,0.669208955
