Checkpoint,perplexity,tscore0,tscore1,tscore2,tscore3,blimp_overall
14000,120.7071526,0.3638313,0.297298962,0.28688009,0.302072039,0.58380597
28000,84.44758116,0.439878508,0.287234359,0.27973184,0.283917976,0.629223881
42000,70.35362547,0.378933607,0.295799064,0.285823316,0.272126213,0.640029851
56000,62.92553466,0.467041479,0.295932536,0.285286481,0.269658031,0.656880597
70000,58.3192527,0.411535549,0.29868093,0.291017108,0.275369267,0.660746269
84000,55.57225038,0.429784029,0.303450899,0.298019799,0.272546674,0.665731343
98000,53.99374662,0.415343042,0.308182533,0.297954226,0.280947913,0.668358209
112000,52.84986451,0.406883651,0.305967997,0.29598685,0.277701868,0.668716418
126000,52.3431652,0.398783756,0.312944328,0.300934457,0.281673505,0.669208955
